[
    {
    "country": "MA",
    "name": "Smara",
    "lat": "26.73841",
    "lng": "-11.67194"
  },
  {
    "country": "MA",
    "name": "Zoumi",
    "lat": "34.80321",
    "lng": "-5.34458"
  },
  {
    "country": "MA",
    "name": "Zinat",
    "lat": "35.43",
    "lng": "-5.4"
  },
  {
    "country": "MA",
    "name": "Saddina",
    "lat": "35.6141",
    "lng": "-5.45191"
  },
  {
    "country": "MA",
    "name": "Setti Fatma",
    "lat": "31.22508",
    "lng": "-7.67751"
  },
  {
    "country": "MA",
    "name": "Zawyat ech Cheïkh",
    "lat": "32.64445",
    "lng": "-5.91826"
  },
  {
    "country": "MA",
    "name": "Zaïo",
    "lat": "34.94282",
    "lng": "-2.7329"
  },
  {
    "country": "MA",
    "name": "Zagora",
    "lat": "30.33241",
    "lng": "-5.8384"
  },
  {
    "country": "MA",
    "name": "Youssoufia",
    "lat": "32.24634",
    "lng": "-8.52941"
  },
  {
    "country": "MA",
    "name": "Touama",
    "lat": "31.53501",
    "lng": "-7.49291"
  },
  {
    "country": "MA",
    "name": "Tmourghout",
    "lat": "33.9065",
    "lng": "-4.02696"
  },
  {
    "country": "MA",
    "name": "Tiztoutine",
    "lat": "34.97159",
    "lng": "-3.15273"
  },
  {
    "country": "MA",
    "name": "Tiznit",
    "lat": "29.69742",
    "lng": "-9.73162"
  },
  {
    "country": "MA",
    "name": "Tizguine",
    "lat": "31.22836",
    "lng": "-8.31611"
  },
  {
    "country": "MA",
    "name": "Tit Mellil",
    "lat": "33.55808",
    "lng": "-7.48647"
  },
  {
    "country": "MA",
    "name": "Tissa",
    "lat": "34.28791",
    "lng": "-4.66372"
  },
  {
    "country": "MA",
    "name": "Tirhanimîne",
    "lat": "35.23619",
    "lng": "-3.95453"
  },
  {
    "country": "MA",
    "name": "Tiout",
    "lat": "30.3887",
    "lng": "-8.69572"
  },
  {
    "country": "MA",
    "name": "Tiouli",
    "lat": "34.36679",
    "lng": "-1.83705"
  },
  {
    "country": "MA",
    "name": "Tinghir",
    "lat": "31.51472",
    "lng": "-5.53278"
  },
  {
    "country": "MA",
    "name": "Timoulilt",
    "lat": "32.20368",
    "lng": "-6.4666"
  },
  {
    "country": "MA",
    "name": "Timezgana",
    "lat": "34.58",
    "lng": "-4.73"
  },
  {
    "country": "MA",
    "name": "Timezgadiouine",
    "lat": "30.88366",
    "lng": "-9.04548"
  },
  {
    "country": "MA",
    "name": "Tilmi",
    "lat": "31.81794",
    "lng": "-5.76812"
  },
  {
    "country": "MA",
    "name": "Tifni",
    "lat": "31.62777",
    "lng": "-6.94093"
  },
  {
    "country": "MA",
    "name": "Tiflet",
    "lat": "33.89469",
    "lng": "-6.30649"
  },
  {
    "country": "MA",
    "name": "Tétouan",
    "lat": "35.57845",
    "lng": "-5.36837"
  },
  {
    "country": "MA",
    "name": "Temara",
    "lat": "33.92866",
    "lng": "-6.90656"
  },
  {
    "country": "MA",
    "name": "Telouet",
    "lat": "31.28925",
    "lng": "-7.23789"
  },
  {
    "country": "MA",
    "name": "Tazouta",
    "lat": "33.66991",
    "lng": "-4.63392"
  },
  {
    "country": "MA",
    "name": "Taznakht",
    "lat": "30.57836",
    "lng": "-7.20341"
  },
  {
    "country": "MA",
    "name": "Tazemmourt",
    "lat": "30.40854",
    "lng": "-8.829"
  },
  {
    "country": "MA",
    "name": "Tazarine",
    "lat": "33.88307",
    "lng": "-4.1862"
  },
  {
    "country": "MA",
    "name": "Taza",
    "lat": "34.21",
    "lng": "-4.01"
  },
  {
    "country": "MA",
    "name": "Tata",
    "lat": "29.74409",
    "lng": "-7.973"
  },
  {
    "country": "MA",
    "name": "Tarsouat",
    "lat": "29.58153",
    "lng": "-9.02664"
  },
  {
    "country": "MA",
    "name": "Taroudant",
    "lat": "30.47028",
    "lng": "-8.87695"
  },
  {
    "country": "MA",
    "name": "Teroual",
    "lat": "34.67452",
    "lng": "-5.27331"
  },
  {
    "country": "MA",
    "name": "Targuist",
    "lat": "34.93769",
    "lng": "-4.31856"
  },
  {
    "country": "MA",
    "name": "Tarfaya",
    "lat": "27.9392",
    "lng": "-12.92604"
  },
  {
    "country": "MA",
    "name": "Taourirt",
    "lat": "34.40731",
    "lng": "-2.89732"
  },
  {
    "country": "MA",
    "name": "Taounza",
    "lat": "32.09368",
    "lng": "-6.60607"
  },
  {
    "country": "MA",
    "name": "Taounate",
    "lat": "34.53661",
    "lng": "-4.64009"
  },
  {
    "country": "MA",
    "name": "Taouloukoult",
    "lat": "31.22218",
    "lng": "-9.07943"
  },
  {
    "country": "MA",
    "name": "Taouima",
    "lat": "35.1299",
    "lng": "-2.9279"
  },
  {
    "country": "MA",
    "name": "Tan-Tan",
    "lat": "28.43799",
    "lng": "-11.10321"
  },
  {
    "country": "MA",
    "name": "Tangier",
    "lat": "35.76727",
    "lng": "-5.79975"
  },
  {
    "country": "MA",
    "name": "Tanalt",
    "lat": "29.77548",
    "lng": "-9.16796"
  },
  {
    "country": "MA",
    "name": "Tamorot",
    "lat": "34.93632",
    "lng": "-4.7794"
  },
  {
    "country": "MA",
    "name": "Tamanar",
    "lat": "31.00087",
    "lng": "-9.67802"
  },
  {
    "country": "MA",
    "name": "Talzemt",
    "lat": "33.59",
    "lng": "-4.19"
  },
  {
    "country": "MA",
    "name": "Talmest",
    "lat": "31.81",
    "lng": "-9.33"
  },
  {
    "country": "MA",
    "name": "Taliouine",
    "lat": "30.52917",
    "lng": "-7.91262"
  },
  {
    "country": "MA",
    "name": "Tahla",
    "lat": "34.04965",
    "lng": "-4.42162"
  },
  {
    "country": "MA",
    "name": "Tafraout",
    "lat": "29.72449",
    "lng": "-8.9747"
  },
  {
    "country": "MA",
    "name": "Tadrart",
    "lat": "30.77477",
    "lng": "-9.45951"
  },
  {
    "country": "MA",
    "name": "Tabouda",
    "lat": "34.71923",
    "lng": "-5.1403"
  },
  {
    "country": "MA",
    "name": "Tabia",
    "lat": "32.03009",
    "lng": "-6.79985"
  },
  {
    "country": "MA",
    "name": "Tabia",
    "lat": "30.03462",
    "lng": "-8.87688"
  },
  {
    "country": "MA",
    "name": "Tabant",
    "lat": "31.65255",
    "lng": "-6.41049"
  },
  {
    "country": "MA",
    "name": "Souq Larb’a al Gharb",
    "lat": "34.68664",
    "lng": "-6.00272"
  },
  {
    "country": "MA",
    "name": "Senada",
    "lat": "35.07452",
    "lng": "-4.21583"
  },
  {
    "country": "MA",
    "name": "Skoura",
    "lat": "31.06262",
    "lng": "-6.5525"
  },
  {
    "country": "MA",
    "name": "Sidi Yahya Ou Saad",
    "lat": "32.68011",
    "lng": "-5.57738"
  },
  {
    "country": "MA",
    "name": "Sidi Yahia El Gharb",
    "lat": "34.30494",
    "lng": "-6.30404"
  },
  {
    "country": "MA",
    "name": "Sidi Smai’il",
    "lat": "32.82461",
    "lng": "-8.51122"
  },
  {
    "country": "MA",
    "name": "Sidi Slimane",
    "lat": "34.26479",
    "lng": "-5.92598"
  },
  {
    "country": "MA",
    "name": "Sidi Redouane",
    "lat": "34.68692",
    "lng": "-5.44538"
  },
  {
    "country": "MA",
    "name": "Sidi Rahhal",
    "lat": "31.65031",
    "lng": "-7.47288"
  },
  {
    "country": "MA",
    "name": "Sidi Qacem",
    "lat": "34.22149",
    "lng": "-5.70775"
  },
  {
    "country": "MA",
    "name": "Sidi Moussa",
    "lat": "32.27209",
    "lng": "-7.20095"
  },
  {
    "country": "MA",
    "name": "Sidi Lamine",
    "lat": "32.90783",
    "lng": "-6.05069"
  },
  {
    "country": "MA",
    "name": "Sidi Jaber",
    "lat": "32.38952",
    "lng": "-6.42095"
  },
  {
    "country": "MA",
    "name": "Sidi Ifni",
    "lat": "29.37975",
    "lng": "-10.17299"
  },
  {
    "country": "MA",
    "name": "Sidi Harazem",
    "lat": "34.02733",
    "lng": "-4.88343"
  },
  {
    "country": "MA",
    "name": "Sidi Bousber",
    "lat": "34.56283",
    "lng": "-5.36208"
  },
  {
    "country": "MA",
    "name": "Sidi Bou Othmane",
    "lat": "31.90226",
    "lng": "-7.94169"
  },
  {
    "country": "MA",
    "name": "Sidi Bennour",
    "lat": "32.65236",
    "lng": "-8.42769"
  },
  {
    "country": "MA",
    "name": "Sidi Amar",
    "lat": "32.94987",
    "lng": "-5.83225"
  },
  {
    "country": "MA",
    "name": "Sidi Abdallah",
    "lat": "32.53544",
    "lng": "-7.83243"
  },
  {
    "country": "MA",
    "name": "Settat",
    "lat": "33.00103",
    "lng": "-7.61662"
  },
  {
    "country": "MA",
    "name": "Selouane",
    "lat": "35.07313",
    "lng": "-2.9423"
  },
  {
    "country": "MA",
    "name": "Sefrou",
    "lat": "33.83186",
    "lng": "-4.828"
  },
  {
    "country": "MA",
    "name": "Sale",
    "lat": "34.0531",
    "lng": "-6.79846"
  },
  {
    "country": "MA",
    "name": "Saidia",
    "lat": "35.08195",
    "lng": "-2.22897"
  },
  {
    "country": "MA",
    "name": "Safi",
    "lat": "32.29939",
    "lng": "-9.23718"
  },
  {
    "country": "MA",
    "name": "Rouadi",
    "lat": "35.14119",
    "lng": "-4.13631"
  },
  {
    "country": "MA",
    "name": "Reçani",
    "lat": "31.28318",
    "lng": "-4.26565"
  },
  {
    "country": "MA",
    "name": "Rislane",
    "lat": "34.76987",
    "lng": "-2.46034"
  },
  {
    "country": "MA",
    "name": "Ghouazi",
    "lat": "34.47737",
    "lng": "-5.30235"
  },
  {
    "country": "MA",
    "name": "Reggada",
    "lat": "29.58016",
    "lng": "-9.70086"
  },
  {
    "country": "MA",
    "name": "Ratba",
    "lat": "34.77772",
    "lng": "-4.93989"
  },
  {
    "country": "MA",
    "name": "Rabat",
    "lat": "34.01325",
    "lng": "-6.83255"
  },
  {
    "country": "MA",
    "name": "Ourtzagh",
    "lat": "34.53477",
    "lng": "-4.96878"
  },
  {
    "country": "MA",
    "name": "Oulmes",
    "lat": "33.42585",
    "lng": "-6.00137"
  },
  {
    "country": "MA",
    "name": "Oulad Teïma",
    "lat": "30.39467",
    "lng": "-9.20897"
  },
  {
    "country": "MA",
    "name": "Oulad Tayeb",
    "lat": "33.94633",
    "lng": "-4.99509"
  },
  {
    "country": "MA",
    "name": "Oulad Daoud",
    "lat": "34.40438",
    "lng": "-4.69342"
  },
  {
    "country": "MA",
    "name": "Oulad Ayad",
    "lat": "32.2",
    "lng": "-6.8"
  },
  {
    "country": "MA",
    "name": "Oukaïmedene",
    "lat": "31.20603",
    "lng": "-7.86089"
  },
  {
    "country": "MA",
    "name": "Oujda-Angad",
    "lat": "34.68139",
    "lng": "-1.90858"
  },
  {
    "country": "MA",
    "name": "Ouijjane",
    "lat": "29.62777",
    "lng": "-9.53959"
  },
  {
    "country": "MA",
    "name": "Oued Zem",
    "lat": "32.8627",
    "lng": "-6.57359"
  },
  {
    "country": "MA",
    "name": "Oued Laou",
    "lat": "35.4484",
    "lng": "-5.09627"
  },
  {
    "country": "MA",
    "name": "Oued Amlil",
    "lat": "34.2",
    "lng": "-4.28"
  },
  {
    "country": "MA",
    "name": "Ouezzane",
    "lat": "34.79584",
    "lng": "-5.57849"
  },
  {
    "country": "MA",
    "name": "Ouarzazat",
    "lat": "30.91894",
    "lng": "-6.89341"
  },
  {
    "country": "MA",
    "name": "Oualidia",
    "lat": "32.73372",
    "lng": "-9.03059"
  },
  {
    "country": "MA",
    "name": "Zawyat an Nwaçer",
    "lat": "33.37981",
    "lng": "-7.61932"
  },
  {
    "country": "MA",
    "name": "Nador",
    "lat": "35.16813",
    "lng": "-2.93352"
  },
  {
    "country": "MA",
    "name": "Moulay Yacoub",
    "lat": "34.08793",
    "lng": "-5.18171"
  },
  {
    "country": "MA",
    "name": "Moulay Brahim",
    "lat": "31.28785",
    "lng": "-7.9683"
  },
  {
    "country": "MA",
    "name": "Moulay Bouchta",
    "lat": "34.48922",
    "lng": "-5.13023"
  },
  {
    "country": "MA",
    "name": "Moulay Abdallah",
    "lat": "33.19664",
    "lng": "-8.58811"
  },
  {
    "country": "MA",
    "name": "Al Aaroui",
    "lat": "35.0109",
    "lng": "-3.00938"
  },
  {
    "country": "MA",
    "name": "Mohammedia",
    "lat": "33.68607",
    "lng": "-7.38298"
  },
  {
    "country": "MA",
    "name": "Missour",
    "lat": "33.04893",
    "lng": "-3.98947"
  },
  {
    "country": "MA",
    "name": "Midelt",
    "lat": "32.6852",
    "lng": "-4.74512"
  },
  {
    "country": "MA",
    "name": "Midar",
    "lat": "34.94025",
    "lng": "-3.53311"
  },
  {
    "country": "MA",
    "name": "Meknès",
    "lat": "33.89352",
    "lng": "-5.54727"
  },
  {
    "country": "MA",
    "name": "Mediouna",
    "lat": "33.45161",
    "lng": "-7.51995"
  },
  {
    "country": "MA",
    "name": "Mechraa Bel Ksiri",
    "lat": "34.57373",
    "lng": "-5.95585"
  },
  {
    "country": "MA",
    "name": "Mdiq",
    "lat": "35.68313",
    "lng": "-5.32871"
  },
  {
    "country": "MA",
    "name": "Matmata",
    "lat": "34.09914",
    "lng": "-4.55219"
  },
  {
    "country": "MA",
    "name": "Martil",
    "lat": "35.61662",
    "lng": "-5.27522"
  },
  {
    "country": "MA",
    "name": "Marrakesh",
    "lat": "31.63416",
    "lng": "-7.99994"
  },
  {
    "country": "MA",
    "name": "Madagh",
    "lat": "35.01032",
    "lng": "-2.33701"
  },
  {
    "country": "MA",
    "name": "Ifrane",
    "lat": "31.70217",
    "lng": "-6.3494"
  },
  {
    "country": "MA",
    "name": "Larache",
    "lat": "35.19321",
    "lng": "-6.15572"
  },
  {
    "country": "MA",
    "name": "Lalla Mimouna",
    "lat": "34.84606",
    "lng": "-6.06645"
  },
  {
    "country": "MA",
    "name": "Ksar El Kebir",
    "lat": "35.00044",
    "lng": "-5.90378"
  },
  {
    "country": "MA",
    "name": "Khouribga",
    "lat": "32.88108",
    "lng": "-6.9063"
  },
  {
    "country": "MA",
    "name": "Khenifra",
    "lat": "32.93492",
    "lng": "-5.66167"
  },
  {
    "country": "MA",
    "name": "Kerrouchen",
    "lat": "32.79639",
    "lng": "-5.3188"
  },
  {
    "country": "MA",
    "name": "Kenitra",
    "lat": "34.26101",
    "lng": "-6.5802"
  },
  {
    "country": "MA",
    "name": "Kasba Tadla",
    "lat": "32.5977",
    "lng": "-6.26844"
  },
  {
    "country": "MA",
    "name": "Kariat Arkmane",
    "lat": "35.1071",
    "lng": "-2.74693"
  },
  {
    "country": "MA",
    "name": "Karia Ba Mohamed",
    "lat": "34.37094",
    "lng": "-5.2138"
  },
  {
    "country": "MA",
    "name": "Jorf",
    "lat": "31.49442",
    "lng": "-4.40598"
  },
  {
    "country": "MA",
    "name": "Jerada",
    "lat": "34.31",
    "lng": "-2.16"
  },
  {
    "country": "MA",
    "name": "Itzer",
    "lat": "32.8783",
    "lng": "-5.0515"
  },
  {
    "country": "MA",
    "name": "Isseksi",
    "lat": "32.22981",
    "lng": "-6.27661"
  },
  {
    "country": "MA",
    "name": "Inezgane",
    "lat": "30.35535",
    "lng": "-9.53639"
  },
  {
    "country": "MA",
    "name": "Imider",
    "lat": "31.37324",
    "lng": "-5.79384"
  },
  {
    "country": "MA",
    "name": "Imilchil",
    "lat": "32.15309",
    "lng": "-5.62453"
  },
  {
    "country": "MA",
    "name": "Iguidi",
    "lat": "30.83826",
    "lng": "-7.90294"
  },
  {
    "country": "MA",
    "name": "Ifrane",
    "lat": "33.52666",
    "lng": "-5.11019"
  },
  {
    "country": "MA",
    "name": "Hassi Berkane",
    "lat": "34.83898",
    "lng": "-2.86699"
  },
  {
    "country": "MA",
    "name": "Zerkten",
    "lat": "31.4447",
    "lng": "-7.39224"
  },
  {
    "country": "MA",
    "name": "Had Kourt",
    "lat": "34.61588",
    "lng": "-5.7404"
  },
  {
    "country": "MA",
    "name": "Oulad Frej",
    "lat": "32.95956",
    "lng": "-8.2274"
  },
  {
    "country": "MA",
    "name": "Guisser",
    "lat": "32.76645",
    "lng": "-7.49818"
  },
  {
    "country": "MA",
    "name": "Guercif",
    "lat": "34.22568",
    "lng": "-3.35361"
  },
  {
    "country": "MA",
    "name": "Guenfouda",
    "lat": "34.48361",
    "lng": "-2.04562"
  },
  {
    "country": "MA",
    "name": "Guelmim",
    "lat": "28.98696",
    "lng": "-10.05738"
  },
  {
    "country": "MA",
    "name": "Goulmima",
    "lat": "31.69227",
    "lng": "-4.95256"
  },
  {
    "country": "MA",
    "name": "Galaz",
    "lat": "34.54424",
    "lng": "-4.80355"
  },
  {
    "country": "MA",
    "name": "Fnidek",
    "lat": "35.84906",
    "lng": "-5.35747"
  },
  {
    "country": "MA",
    "name": "Al Fqih Ben Çalah",
    "lat": "32.50213",
    "lng": "-6.68771"
  },
  {
    "country": "MA",
    "name": "Figuig (Centre)",
    "lat": "32.10891",
    "lng": "-1.22855"
  },
  {
    "country": "MA",
    "name": "Fifi",
    "lat": "34.94873",
    "lng": "-5.24798"
  },
  {
    "country": "MA",
    "name": "Fezna",
    "lat": "31.52921",
    "lng": "-4.45562"
  },
  {
    "country": "MA",
    "name": "Fès al Bali",
    "lat": "34.0701",
    "lng": "-4.95473"
  },
  {
    "country": "MA",
    "name": "Fès",
    "lat": "34.03313",
    "lng": "-5.00028"
  },
  {
    "country": "MA",
    "name": "Ezzhiliga",
    "lat": "33.3",
    "lng": "-6.53"
  },
  {
    "country": "MA",
    "name": "Essaouira",
    "lat": "31.5125",
    "lng": "-9.77"
  },
  {
    "country": "MA",
    "name": "Arfoud",
    "lat": "31.4353",
    "lng": "-4.23258"
  },
  {
    "country": "MA",
    "name": "El Ksiba",
    "lat": "32.57286",
    "lng": "-6.01947"
  },
  {
    "country": "MA",
    "name": "Kelaat Mgouna",
    "lat": "31.24573",
    "lng": "-6.1326"
  },
  {
    "country": "MA",
    "name": "El Jadid",
    "lat": "33.25682",
    "lng": "-8.50882"
  },
  {
    "country": "MA",
    "name": "El Hajeb",
    "lat": "33.68786",
    "lng": "-5.371"
  },
  {
    "country": "MA",
    "name": "Ouaoula",
    "lat": "31.87",
    "lng": "-6.75"
  },
  {
    "country": "MA",
    "name": "El Aïoun",
    "lat": "34.58319",
    "lng": "-2.50612"
  },
  {
    "country": "MA",
    "name": "Imzouren",
    "lat": "35.14637",
    "lng": "-3.85063"
  },
  {
    "country": "MA",
    "name": "Derdara",
    "lat": "35.11041",
    "lng": "-5.29015"
  },
  {
    "country": "MA",
    "name": "Demnate",
    "lat": "31.73443",
    "lng": "-7.00505"
  },
  {
    "country": "MA",
    "name": "Debdou",
    "lat": "33.98228",
    "lng": "-3.04263"
  },
  {
    "country": "MA",
    "name": "Riah",
    "lat": "33.15122",
    "lng": "-7.37504"
  },
  {
    "country": "MA",
    "name": "Dar Ould Zidouh",
    "lat": "32.31247",
    "lng": "-6.90494"
  },
  {
    "country": "MA",
    "name": "Dar Bouazza",
    "lat": "33.51535",
    "lng": "-7.81677"
  },
  {
    "country": "MA",
    "name": "Dar Chaoui",
    "lat": "35.5377",
    "lng": "-5.71742"
  },
  {
    "country": "MA",
    "name": "Chichaoua",
    "lat": "31.54351",
    "lng": "-8.76275"
  },
  {
    "country": "MA",
    "name": "Chefchaouene",
    "lat": "35.16878",
    "lng": "-5.2636"
  },
  {
    "country": "MA",
    "name": "Casablanca",
    "lat": "33.58831",
    "lng": "-7.61138"
  },
  {
    "country": "MA",
    "name": "Bzou",
    "lat": "32.09171",
    "lng": "-7.04786"
  },
  {
    "country": "MA",
    "name": "Brikcha",
    "lat": "34.96732",
    "lng": "-5.57295"
  },
  {
    "country": "MA",
    "name": "Bouznika",
    "lat": "33.78942",
    "lng": "-7.15968"
  },
  {
    "country": "MA",
    "name": "Bouskoura",
    "lat": "33.44976",
    "lng": "-7.65239"
  },
  {
    "country": "MA",
    "name": "Boumia",
    "lat": "32.7236",
    "lng": "-5.1025"
  },
  {
    "country": "MA",
    "name": "Boulemane",
    "lat": "33.36376",
    "lng": "-4.72896"
  },
  {
    "country": "MA",
    "name": "Boulaouane",
    "lat": "32.85995",
    "lng": "-8.05555"
  },
  {
    "country": "MA",
    "name": "Boudinar",
    "lat": "35.15601",
    "lng": "-3.62358"
  },
  {
    "country": "MA",
    "name": "Bouarfa",
    "lat": "32.53379",
    "lng": "-1.96209"
  },
  {
    "country": "MA",
    "name": "Bouabout",
    "lat": "31.26554",
    "lng": "-9.17865"
  },
  {
    "country": "MA",
    "name": "Bigoudine",
    "lat": "30.72376",
    "lng": "-9.21097"
  },
  {
    "country": "MA",
    "name": "Bhalil",
    "lat": "33.85194",
    "lng": "-4.87228"
  },
  {
    "country": "MA",
    "name": "Berkane",
    "lat": "34.92",
    "lng": "-2.32"
  },
  {
    "country": "MA",
    "name": "Beni Mellal",
    "lat": "32.33725",
    "lng": "-6.34983"
  },
  {
    "country": "MA",
    "name": "Berrechid",
    "lat": "33.26553",
    "lng": "-7.58754"
  },
  {
    "country": "MA",
    "name": "Bab Taza",
    "lat": "35.06166",
    "lng": "-5.19828"
  },
  {
    "country": "MA",
    "name": "Azrou",
    "lat": "33.43443",
    "lng": "-5.22126"
  },
  {
    "country": "MA",
    "name": "Azilal",
    "lat": "31.96156",
    "lng": "-6.57109"
  },
  {
    "country": "MA",
    "name": "Azgour",
    "lat": "31.13753",
    "lng": "-8.31488"
  },
  {
    "country": "MA",
    "name": "Azemmour",
    "lat": "33.28952",
    "lng": "-8.3425"
  },
  {
    "country": "MA",
    "name": "Assoul",
    "lat": "31.95286",
    "lng": "-5.20812"
  },
  {
    "country": "MA",
    "name": "Assads",
    "lat": "30.23",
    "lng": "-8.86"
  },
  {
    "country": "MA",
    "name": "Asilah",
    "lat": "35.46522",
    "lng": "-6.03415"
  },
  {
    "country": "MA",
    "name": "Argana",
    "lat": "30.7825",
    "lng": "-9.11968"
  },
  {
    "country": "MA",
    "name": "Arbaoua",
    "lat": "34.90239",
    "lng": "-5.94871"
  },
  {
    "country": "MA",
    "name": "Arazane",
    "lat": "30.50346",
    "lng": "-8.60637"
  },
  {
    "country": "MA",
    "name": "Aourir",
    "lat": "30.49238",
    "lng": "-9.6355"
  },
  {
    "country": "MA",
    "name": "Aoulouz",
    "lat": "30.67307",
    "lng": "-8.18087"
  },
  {
    "country": "MA",
    "name": "Aoufous",
    "lat": "31.68",
    "lng": "-4.17"
  },
  {
    "country": "MA",
    "name": "Amouguer",
    "lat": "32.27491",
    "lng": "-4.93535"
  },
  {
    "country": "MA",
    "name": "Amizmiz",
    "lat": "31.21673",
    "lng": "-8.23184"
  },
  {
    "country": "MA",
    "name": "Amerzgane",
    "lat": "31.0437",
    "lng": "-7.21037"
  },
  {
    "country": "MA",
    "name": "Amersid",
    "lat": "32.74983",
    "lng": "-4.47063"
  },
  {
    "country": "MA",
    "name": "Amalou",
    "lat": "30.19153",
    "lng": "-8.74873"
  },
  {
    "country": "MA",
    "name": "Alnif",
    "lat": "31.11411",
    "lng": "-5.17154"
  },
  {
    "country": "MA",
    "name": "Almis Marmoucha",
    "lat": "33.32",
    "lng": "-4.18"
  },
  {
    "country": "MA",
    "name": "Khemisset",
    "lat": "33.82404",
    "lng": "-6.06627"
  },
  {
    "country": "MA",
    "name": "Al Hoceïma",
    "lat": "35.25165",
    "lng": "-3.93723"
  },
  {
    "country": "MA",
    "name": "Aknoul",
    "lat": "34.65371",
    "lng": "-3.86754"
  },
  {
    "country": "MA",
    "name": "Ajdir",
    "lat": "34.74347",
    "lng": "-3.97582"
  },
  {
    "country": "MA",
    "name": "Anergui",
    "lat": "32.06914",
    "lng": "-5.93961"
  },
  {
    "country": "MA",
    "name": "Aïn Leuh",
    "lat": "33.28984",
    "lng": "-5.33863"
  },
  {
    "country": "MA",
    "name": "Aïn Beni Mathar",
    "lat": "34.0097",
    "lng": "-2.03238"
  },
  {
    "country": "MA",
    "name": "Ahfir",
    "lat": "34.95368",
    "lng": "-2.10027"
  },
  {
    "country": "MA",
    "name": "Aguelmous",
    "lat": "33.16139",
    "lng": "-5.84626"
  },
  {
    "country": "MA",
    "name": "Agdz",
    "lat": "30.69356",
    "lng": "-6.44628"
  },
  {
    "country": "MA",
    "name": "Agadir Melloul",
    "lat": "30.22492",
    "lng": "-7.79601"
  },
  {
    "country": "MA",
    "name": "Agadir",
    "lat": "30.42018",
    "lng": "-9.59815"
  },
  {
    "country": "MA",
    "name": "Adassil",
    "lat": "31.10783",
    "lng": "-8.49083"
  },
  {
    "country": "MA",
    "name": "Adar",
    "lat": "30.14111",
    "lng": "-8.37221"
  },
  {
    "country": "MA",
    "name": "Skhirate",
    "lat": "33.8527",
    "lng": "-7.03171"
  },
  {
    "country": "MA",
    "name": "Abadou",
    "lat": "31.57917",
    "lng": "-7.31308"
  },
  {
    "country": "MA",
    "name": "Mellila",
    "lat": "33.38",
    "lng": "-7.14"
  },
  {
    "country": "MA",
    "name": "Tidili Mesfioua",
    "lat": "31.46586",
    "lng": "-7.61199"
  },
  {
    "country": "MA",
    "name": "Mhamid",
    "lat": "29.82",
    "lng": "-5.72"
  },
  {
    "country": "MA",
    "name": "Taghazout",
    "lat": "30.54259",
    "lng": "-9.71115"
  },
  {
    "country": "MA",
    "name": "Tamri",
    "lat": "30.69602",
    "lng": "-9.82972"
  },
  {
    "country": "MA",
    "name": "Smimou",
    "lat": "31.21014",
    "lng": "-9.70863"
  },
  {
    "country": "MA",
    "name": "Tizgane",
    "lat": "35.41211",
    "lng": "-5.06836"
  },
  {
    "country": "MA",
    "name": "Bouarouss",
    "lat": "34.36",
    "lng": "-4.81"
  },
  {
    "country": "MA",
    "name": "Azla",
    "lat": "35.55303",
    "lng": "-5.24472"
  },
  {
    "country": "MA",
    "name": "Boukhalef",
    "lat": "35.7328",
    "lng": "-5.89954"
  },
  {
    "country": "MA",
    "name": "Jebel Tiskaouine",
    "lat": "31.02722",
    "lng": "-5.11643"
  },
  {
    "country": "MA",
    "name": "Boujniba",
    "lat": "32.90046",
    "lng": "-6.77464"
  },
  {
    "country": "MA",
    "name": "Errachidia",
    "lat": "31.9314",
    "lng": "-4.42663"
  },
  {
    "country": "MA",
    "name": "Sidi Abdallah Ghiat",
    "lat": "31.523",
    "lng": "-7.833"
  },
  {
    "country": "MA",
    "name": "Dakhla",
    "lat": "30.41071",
    "lng": "-9.55572"
  },
  {
    "country": "MA",
    "name": "Mosquée",
    "lat": "34.80622",
    "lng": "-2.41297"
  },
  {
    "country": "MA",
    "name": "Akhfennir",
    "lat": "28.09455",
    "lng": "-12.05157"
  },
  {
    "country": "MA",
    "name": "Gueltat Zemmour",
    "lat": "25.14276",
    "lng": "-12.37168"
  },
  {
    "country": "MA",
    "name": "Zawit Al Bour",
    "lat": "30.67478",
    "lng": "-8.17424"
  },
  {
    "country": "MA",
    "name": "Cap Negro II",
    "lat": "35.6597",
    "lng": "-5.28525"
  },
  {
    "country": "MA",
    "name": "Bni Bouayach",
    "lat": "35.10506",
    "lng": "-3.84028"
  },
  {
    "country": "MA",
    "name": "Imlili",
    "lat": "22.6558",
    "lng": "-15.60719"
  }
]